time_utc,event_slug,market_kind,outcomes,seconds_delay,edge_ws,asks_ws,edge_rest_0s,min_size_0s,edge_rest_1s,edge_rest_3s,confirmed_rest_0s
2026-10-05 16:30:33,fif-sri-mri-2026-10-05,1X2,win:Sri Lanka|draw|win:Mauritius,1,0.0212,0.19|0.77|0.98,0.0212,16.0,-0.0244,0.0014,True
2026-10-05 16:32:19,fif-sri-mri-2026-10-05,1X2,win:Sri Lanka|draw|win:Mauritius,1,0.0029,0.06|0.94|0.988,0.0077,16.0,0.0068,-0.0023,True
2026-10-05 16:41:42,fif-sri-mri-2026-10-05,1X2,win:Sri Lanka|draw|win:Mauritius,1,0.0038,0.04|0.949|0.999,0.0043,28.0,-0.0699,-0.0176,True
2026-10-05 16:43:09,fif-sri-mri-2026-10-05,1X2,win:Sri Lanka|draw|win:Mauritius,1,0.0137,0.09|0.874|0.999,0.0137,12.1,-0.0381,-0.0206,True
2026-10-05 16:43:44,fif-sri-mri-2026-10-05,1X2,win:Sri Lanka|draw|win:Mauritius,1,0.0047,0.837|0.126|0.019,0.0047,6.6,0.0018,0.0028,True
2026-10-05 16:44:06,fif-sri-mri-2026-10-05,1X2,win:Sri Lanka|draw|win:Mauritius,1,0.0004,0.16|0.846|0.979,0.0004,22.0,-0.0547,-0.0463,True
2026-10-05 16:46:24,unl-cyp-lat-2026-10-05,HT lead=>1H O0.5,ht:Cyprus|tot:1st:0.5,1,0.0181,0.01|0.97,0.0181,20.0,-0.001,,True
2026-10-05 16:49:30,fif-rwa-ken-2026-10-05,HT lead=>1H O0.5,ht:Rwanda|tot:1st:0.5,1,0.0009,0.01|0.988,-0.0095,5.0,-0.0095,,False
2026-10-05 17:14:21,unl-cyp-lat-2026-10-05,team half<=team tot,ttot:Latvia:2nd:0.5|ttot:Latvia:F:0.5,1,0.0251,0.49|0.46,0.0251,42.0,,-0.4529,True
2026-10-05 17:14:22,unl-cyp-lat-2026-10-05,1X2,win:Cyprus|draw|win:Latvia,1,0.1419,0.33|0.38|0.12,-0.0525,5.68,-0.0525,-0.1132,False
2026-10-05 17:27:37,unl-cyp-lat-2026-10-05,btts half<=btts,btts:2nd|btts:F,1,0.1067,0.55|0.32,-0.2826,15.0,-0.1802,-0.2629,False
2026-10-05 17:27:37,unl-cyp-lat-2026-10-05,half<=match tot,tot:2nd:1.5|tot:F:1.5,1,0.1085,0.61|0.26,-0.048,5.0,-0.0582,-0.0582,False
2026-10-05 17:27:37,unl-cyp-lat-2026-10-05,1X2,win:Cyprus|draw|win:Latvia,1,0.0601,0.15|0.37|0.39,-0.0497,175.0,-0.0497,-0.0497,False
2026-10-05 17:27:37,unl-cyp-lat-2026-10-05,half<=match tot,tot:2nd:3.5|tot:F:3.5,1,0.0102,0.1|0.88,,,,,False
2026-10-05 17:29:38,unl-cyp-lat-2026-10-05,btts<=O1.5,btts:F|tot:F:1.5,1,0.0085,0.98|0.01,0.0085,15.32,0.0085,,True
2026-10-05 17:45:43,unl-cyp-lat-2026-10-05,1X2,win:Cyprus|draw|win:Latvia,1,0.0016,0.18|0.76|0.04,0.0016,20.0,-0.0276,-0.0276,True
2026-10-05 17:49:01,unl-cyp-lat-2026-10-05,1X2,win:Cyprus|draw|win:Latvia,1,0.0015,0.94|0.07|0.98,-0.0037,20.0,-0.0037,-0.0037,False
2026-10-05 17:49:44,unl-cyp-lat-2026-10-05,1X2,win:Cyprus|draw|win:Latvia,1,0.0049,0.05|0.93|0.009,0.0049,55.32,-0.0037,-0.0236,True
2026-10-05 17:50:26,unl-cyp-lat-2026-10-05,1X2,win:Cyprus|draw|win:Latvia,1,0.0005,0.96|0.04|0.995,0.0005,5.1,0.0005,0.0005,True
2026-10-05 17:50:31,unl-cyp-lat-2026-10-05,1X2,win:Cyprus|draw|win:Latvia,1,0.0033,0.95|0.04|0.999,0.0033,69.0,-0.0014,-0.001,True
2026-10-05 17:50:36,unl-cyp-lat-2026-10-05,1X2,win:Cyprus|draw|win:Latvia,1,0.0043,0.97|0.02|0.999,0.0043,69.0,0.0043,-0.0053,True
2026-10-05 17:51:03,unl-cyp-lat-2026-10-05,1X2,win:Cyprus|draw|win:Latvia,1,0.0038,0.96|0.03|0.999,0.0133,340.0,-0.0172,-0.0123,True
2026-10-05 17:51:03,unl-cyp-lat-2026-10-05,half<=match tot,tot:2nd:2.5|tot:F:2.5,1,0.6476,0.04|0.3,,,,,False
2026-10-05 17:51:11,unl-cyp-lat-2026-10-05,1X2,win:Cyprus|draw|win:Latvia,1,0.0043,0.02|0.97|0.999,0.0043,41.0,0.0043,0.0043,True
2026-10-05 18:26:52,unl-ukr-hun-2026-10-05,nobody scores = U0.5,fts:none|tot:F:0.5,1,0.0006,0.89|0.1,0.0006,0.01,0.0006,0.0006,True
2026-10-05 18:35:26,es2-cor-cdt-2026-10-05,1X2,win:Córdoba CF|draw|win:CD Tenerife,1,0.0007,0.54|0.22|0.21,0.011,20.0,-0.0438,-0.0531,True
2026-10-05 18:35:27,es2-cor-cdt-2026-10-05,halftime 1X2,ht:Córdoba CF|ht:D|ht:CD Tenerife,1,0.0044,0.5|0.63|0.83,,,,,False
2026-10-05 18:36:48,es2-cor-cdt-2026-10-05,1X2,win:Córdoba CF|draw|win:CD Tenerife,1,0.0034,0.28|0.82|0.87,0.0034,130.67,-0.0017,0.0086,True
2026-10-05 18:48:51,es2-cor-cdt-2026-10-05,1X2,win:Córdoba CF|draw|win:CD Tenerife,1,0.0019,0.34|0.78|0.85,0.0019,5.0,-0.05,-0.0403,True
2026-10-05 18:48:57,cs2-vit-fal2-2026-10-05,rounds handicap=>map,erh:2:Vitality:6.5|emap:2:Vitality,1,0.0009,0.988|0.01,0.0009,83.33,0.0019,,True
2026-10-05 18:54:59,es2-cor-cdt-2026-10-05,1X2,win:Córdoba CF|draw|win:CD Tenerife,1,0.0511,0.5|0.25|0.17,-0.1072,5.0,-0.1175,-0.0638,False
2026-10-05 18:58:23,unl-rom-swe-2026-10-05,1X2,win:Romania|draw|win:Sweden,1,0.0021,0.14|0.26|0.57,0.0021,20.0,-0.0104,-0.0299,True
2026-10-05 19:00:49,es2-cor-cdt-2026-10-05,1X2,win:Córdoba CF|draw|win:CD Tenerife,1,0.0055,0.4|0.75|0.81,0.0055,19.0,-0.0445,-0.0345,True
2026-10-05 19:00:57,es2-cor-cdt-2026-10-05,1X2,win:Córdoba CF|draw|win:CD Tenerife,1,0.0058,0.38|0.77|0.81,0.0058,19.0,-0.0473,-0.0278,True
2026-10-05 19:01:11,es2-cor-cdt-2026-10-05,1X2,win:Córdoba CF|draw|win:CD Tenerife,1,0.0021,0.33|0.8|0.84,-0.0431,10.0,-0.0228,-0.0325,False
2026-10-05 19:04:58,fif-lie-gib-2026-10-05,halftime 1X2,ht:Liechtenstein|ht:D|ht:Gibraltar,1,0.0415,0.15|0.26|0.52,-0.4062,5.0,,-0.5074,False
2026-10-05 19:08:31,unl-ita-tur-2026-10-05,HT lead=>1H O0.5,ht:Italy|tot:1st:0.5,1,0.0053,0.54|0.43,-0.1839,216.47,-0.303,-0.3029,False
2026-10-05 19:08:32,unl-ita-tur-2026-10-05,1X2,win:Italy|draw|win:Türkiye,1,0.0069,0.68|0.19|0.1,0.0642,207.7,0.0642,-0.0697,True
2026-10-05 19:08:33,unl-ita-tur-2026-10-05,halftime 1X2,ht:Italy|ht:D|ht:Türkiye,1,0.0093,0.41|0.39|0.16,-0.0508,15.0,-0.0405,0.0002,False
2026-10-05 19:08:39,unl-ita-tur-2026-10-05,halftime 1X2,ht:Italy|ht:D|ht:Türkiye,1,0.0002,0.37|0.47|0.13,-0.0003,5.0,-0.0105,-0.0905,False
2026-10-05 19:11:21,unl-ita-tur-2026-10-05,halftime 1X2,ht:Italy|ht:D|ht:Türkiye,1,0.0187,0.3|0.66|0.98,-0.0976,5.0,-0.1338,-0.0734,False
2026-10-05 19:11:21,unl-ita-tur-2026-10-05,1X2,win:Italy|draw|win:Türkiye,1,0.0029,0.59|0.25|0.13,-0.0507,25.0,-0.0507,-0.0507,False
2026-10-05 19:11:59,unl-ita-tur-2026-10-05,HT lead=>1H O0.5,ht:Italy|tot:1st:0.5,1,0.004,0.79|0.19,0.004,77.92,0.0137,0.0137,True
2026-10-05 19:12:03,unl-ita-tur-2026-10-05,halftime 1X2,ht:Italy|ht:D|ht:Türkiye,1,0.0212,0.19|0.77|0.98,-0.0454,146.0,-0.0352,-0.0198,False
2026-10-05 19:12:06,unl-ita-tur-2026-10-05,1X2,win:Italy|draw|win:Türkiye,1,0.0064,0.67|0.2|0.1,0.0064,39.0,-0.0328,-0.0328,True
2026-10-05 19:19:48,unl-fra-bel-2026-10-05,halftime 1X2,ht:France|ht:D|ht:Belgium,1,0.0298,0.83|0.42|0.66,-0.182,10.0,-0.1275,-0.1222,False
2026-10-05 19:19:49,unl-fra-bel-2026-10-05,1X2,win:France|draw|win:Belgium,1,0.0339,0.45|0.75|0.7,-0.0212,154.0,-0.0262,-0.0262,False
2026-10-05 19:20:54,es2-cor-cdt-2026-10-05,1X2,win:Córdoba CF|draw|win:CD Tenerife,1,0.0008,0.75|0.17|0.06,0.0008,8.0,-0.0303,-0.031,True
2026-10-05 19:21:08,unl-fra-bel-2026-10-05,halftime 1X2,ht:France|ht:D|ht:Belgium,1,0.0177,0.06|0.22|0.68,-0.0336,44.0,-0.0527,-0.0423,False
2026-10-05 19:31:07,unl-mon-arm-2026-10-05,halftime 1X2,ht:Montenegro|ht:D|ht:Armenia,1,0.0048,0.04|0.94|0.01,,,,,False
2026-10-05 19:31:41,unl-nir-geo-2026-10-05,1X2,win:Northern Ireland|draw|win:Georgia,1,0.0041,0.56|0.58|0.82,0.0041,118.0,-0.0056,-0.0106,True
2026-10-05 19:31:49,unl-nir-geo-2026-10-05,1X2,win:Northern Ireland|draw|win:Georgia,1,0.0088,0.34|0.43|0.19,0.0088,26.6,-0.0418,-0.0317,True
2026-10-05 19:47:15,arg-rie-cac-2026-10-05,1X2,win:CD Riestra|draw|win:CA Central Córdoba,1,0.0026,0.59|0.22|0.16,-0.0713,5.0,-0.0692,-0.0175,False
2026-10-05 19:51:49,unl-bih-pol-2026-10-05,half<=match tot,tot:2nd:1.5|tot:F:1.5,1,0.0752,0.45|0.45,-0.0546,5.1,-0.1916,-0.1916,False
2026-10-05 19:51:49,unl-bih-pol-2026-10-05,half<=match tot,tot:2nd:2.5|tot:F:2.5,1,0.0625,0.19|0.73,-0.4025,10.0,-0.4025,-0.4025,False
2026-10-05 19:51:49,unl-bih-pol-2026-10-05,1X2,win:Bosnia and Herzegovina|draw|win:Poland,1,0.0326,0.65|0.65|0.6,-0.0402,20.41,-0.0402,-0.0402,False
2026-10-05 19:52:02,unl-bih-pol-2026-10-05,1X2,win:Bosnia and Herzegovina|draw|win:Poland,1,0.0686,0.27|0.3|0.33,0.0686,20.0,0.0076,-0.0127,True
2026-10-05 19:52:10,unl-bih-pol-2026-10-05,1X2,win:Bosnia and Herzegovina|draw|win:Poland,1,0.0079,0.27|0.4|0.29,0.0079,0.24,0.0079,-0.0636,True
2026-10-05 19:52:29,unl-bih-pol-2026-10-05,1X2,win:Bosnia and Herzegovina|draw|win:Poland,1,0.0042,0.51|0.63|0.82,0.0042,20.0,-0.02,-0.0105,True
2026-10-05 19:52:37,unl-bih-pol-2026-10-05,1X2,win:Bosnia and Herzegovina|draw|win:Poland,1,0.0796,0.36|0.34|0.19,0.1099,20.0,-0.0638,-0.0531,True
2026-10-05 19:54:03,unl-ukr-hun-2026-10-05,1X2,win:Ukraine|draw|win:Hungary,1,0.0484,0.26|0.37|0.29,-0.1608,25.0,-0.0895,-0.0997,False
2026-10-05 19:54:03,unl-ukr-hun-2026-10-05,half<=match tot,tot:2nd:2.5|tot:F:2.5,1,0.0466,0.13|0.81,,,,,False
2026-10-05 19:54:03,unl-ukr-hun-2026-10-05,nobody scores = U0.5,fts:none|tot:F:0.5,1,0.0413,0.22|0.72,,,,,False
2026-10-05 19:54:03,unl-ukr-hun-2026-10-05,0-0 = nobody first,cs:0-0|fts:none,1,0.0511,0.22|0.71,,,,,False
2026-10-05 19:56:35,unl-rom-swe-2026-10-05,btts<=team O0.5,btts:F|ttot:Romania:F:0.5,1,0.0057,0.4|0.57,0.0057,52.0,-0.4193,-0.3999,True
2026-10-05 19:59:23,unl-ita-tur-2026-10-05,team tot<=match tot,ttot:Italy:F:1.5|tot:F:1.5,1,0.0849,0.76|0.14,-0.1508,9.0,-0.4644,-0.2521,False
2026-10-05 19:59:24,unl-ita-tur-2026-10-05,1X2,win:Italy|draw|win:Türkiye,1,0.0345,0.79|0.12|0.04,-0.056,105.0,-0.0464,-0.0367,False
2026-10-05 20:05:31,es2-cor-cdt-2026-10-05,1X2,win:Córdoba CF|draw|win:CD Tenerife,1,0.0595,0.22|0.67|0.97,0.0644,250.0,-0.0386,-0.0696,True
2026-10-05 20:06:06,unl-ita-tur-2026-10-05,1X2,win:Italy|draw|win:Türkiye,1,0.0003,0.4|0.45|0.12,-0.07,15.0,-0.0677,-0.0655,False
2026-10-05 20:06:44,unl-ita-tur-2026-10-05,1X2,win:Italy|draw|win:Türkiye,1,0.0055,0.77|0.18|0.027,0.0055,4.89,0.0055,0.0055,True
2026-10-05 20:14:26,es2-cor-cdt-2026-10-05,1X2,win:Córdoba CF|draw|win:CD Tenerife,1,0.0727,0.44|0.45|0.937,-0.036,5.0,-0.0356,-0.0375,False
2026-10-05 20:14:41,unl-fra-bel-2026-10-05,btts<=team O0.5,btts:F|ttot:France:F:0.5,1,0.0478,0.63|0.3,-0.2144,5.0,-0.1434,-0.1132,False
2026-10-05 20:14:54,es2-cor-cdt-2026-10-05,1X2,win:Córdoba CF|draw|win:CD Tenerife,1,0.0039,0.2|0.8|0.975,0.009,20.0,-0.0151,-0.0096,True
2026-10-05 20:19:47,unl-bih-pol-2026-10-05,1X2,win:Bosnia and Herzegovina|draw|win:Poland,1,0.0094,0.52|0.59|0.84,0.0094,40.0,-0.1532,-0.0453,True
2026-10-05 20:19:59,unl-bih-pol-2026-10-05,1X2,win:Bosnia and Herzegovina|draw|win:Poland,1,0.0045,0.49|0.64|0.83,0.0045,10.0,-0.0104,-0.0104,True
2026-10-05 20:20:03,unl-fra-bel-2026-10-05,btts<=team O0.5,btts:F|ttot:France:F:0.5,1,0.1882,0.54|0.25,0.1882,40.0,-0.2308,-0.0447,True
2026-10-05 20:20:04,unl-fra-bel-2026-10-05,team half<=team tot,ttot:France:2nd:0.5|ttot:France:F:0.5,1,0.1065,0.54|0.33,-0.2308,5.0,-0.2308,-0.3023,False
2026-10-05 20:20:10,unl-bih-pol-2026-10-05,1X2,win:Bosnia and Herzegovina|draw|win:Poland,1,0.0039,0.56|0.59|0.81,0.0039,5.0,-0.0057,-0.0007,True
2026-10-05 20:20:14,unl-fra-bel-2026-10-05,btts<=team O0.5,btts:F|ttot:France:F:0.5,1,0.0085,0.98|0.01,0.0085,15.0,-0.022,-0.0115,True
2026-10-05 20:20:16,unl-bih-pol-2026-10-05,1X2,win:Bosnia and Herzegovina|draw|win:Poland,1,0.0094,0.48|0.65|0.82,-0.044,65.0,0.0047,-0.0148,False
2026-10-05 20:20:29,unl-bih-pol-2026-10-05,1X2,win:Bosnia and Herzegovina|draw|win:Poland,1,0.0055,0.41|0.7|0.85,0.0055,44.0,-0.0188,-0.0138,True
2026-10-05 20:20:29,unl-fra-bel-2026-10-05,btts<=team O0.5,btts:F|ttot:France:F:0.5,1,0.0085,0.98|0.01,-0.001,9.94,-0.001,-0.001,False
2026-10-05 20:20:45,unl-bih-pol-2026-10-05,1X2,win:Bosnia and Herzegovina|draw|win:Poland,1,0.0025,0.33|0.73|0.91,0.0025,44.0,-0.0121,-0.0123,True
2026-10-05 20:21:23,unl-bih-pol-2026-10-05,1X2,win:Bosnia and Herzegovina|draw|win:Poland,1,0.0045,0.52|0.59|0.85,0.0045,60.2,0.0095,0.0146,True
2026-10-05 20:21:28,unl-bih-pol-2026-10-05,1X2,win:Bosnia and Herzegovina|draw|win:Poland,1,0.0199,0.4|0.41|0.14,0.0199,32.0,0.1212,-0.0592,True
2026-10-05 20:23:21,unl-fra-bel-2026-10-05,1X2,win:France|draw|win:Belgium,1,0.0407,0.46|0.51|0.92,-0.0271,50.0,-0.0337,,False
2026-10-05 20:23:27,unl-fra-bel-2026-10-05,1X2,win:France|draw|win:Belgium,1,0.0013,0.9|0.08|0.01,0.0109,6.0,0.0109,0.0005,True
2026-10-05 20:23:40,es2-cor-cdt-2026-10-05,1X2,win:Córdoba CF|draw|win:CD Tenerife,1,0.0397,0.77|0.16|0.014,0.0397,1.42,-0.0921,-0.2046,True
2026-10-05 20:24:23,unl-fra-bel-2026-10-05,1X2,win:France|draw|win:Belgium,1,0.0005,0.89|0.09|0.01,0.0005,20.0,0.0005,0.0005,True
2026-10-05 20:24:32,unl-fra-bel-2026-10-05,1X2,win:France|draw|win:Belgium,1,0.0005,0.89|0.09|0.01,0.0005,64.0,0.0005,0.0005,True
2026-10-05 20:24:33,unl-ita-tur-2026-10-05,1X2,win:Italy|draw|win:Türkiye,1,0.0032,0.18|0.81|0.988,-0.2364,5.0,-0.2301,-0.0326,False
2026-10-05 20:25:20,unl-nir-geo-2026-10-05,1X2,win:Northern Ireland|draw|win:Georgia,1,0.0031,0.76|0.3|0.91,0.0031,44.0,0.0031,-0.0223,True
2026-10-05 20:25:21,unl-ukr-hun-2026-10-05,half<=match tot,tot:2nd:1.5|tot:F:1.5,1,0.0063,0.6|0.37,-0.211,5.0,-0.2206,-0.343,False
2026-10-05 20:25:21,unl-ukr-hun-2026-10-05,btts<=team O0.5,btts:F|ttot:Ukraine:F:0.5,1,0.1659,0.4|0.41,-0.2227,10.0,-0.2227,-0.2227,False
2026-10-05 20:25:21,unl-ukr-hun-2026-10-05,half<=match tot,tot:2nd:2.5|tot:F:2.5,1,0.0384,0.11|0.84,,,,,False
2026-10-05 20:25:21,unl-ukr-hun-2026-10-05,team half<=team tot,ttot:Ukraine:2nd:0.5|ttot:Ukraine:F:0.5,1,0.0855,0.4|0.49,-0.375,5.0,,,False
2026-10-05 20:25:28,unl-ukr-hun-2026-10-05,btts<=O1.5,btts:F|tot:F:1.5,1,0.0276,0.96|0.01,0.0276,10.0,0.0181,0.0181,True
2026-10-05 20:25:28,unl-ukr-hun-2026-10-05,btts<=team O0.5,btts:F|ttot:Ukraine:F:0.5,1,0.0467,0.94|0.01,0.0467,10.0,0.0467,0.0467,True
2026-10-05 20:25:42,unl-ukr-hun-2026-10-05,btts<=O1.5,btts:F|tot:F:1.5,1,0.0085,0.98|0.01,-0.001,15.0,0.0085,-0.001,False
2026-10-05 20:26:22,unl-bih-pol-2026-10-05,1X2,win:Bosnia and Herzegovina|draw|win:Poland,1,0.0004,0.71|0.42|0.84,0.0004,5.0,-0.0332,-0.089,True
2026-10-05 20:26:27,unl-nir-geo-2026-10-05,1X2,win:Northern Ireland|draw|win:Georgia,1,0.0035,0.56|0.35|0.06,0.0234,44.0,0.0035,-0.0362,True
2026-10-05 20:26:36,unl-bih-pol-2026-10-05,1X2,win:Bosnia and Herzegovina|draw|win:Poland,1,0.0005,0.47|0.6|0.9,0.0055,5.0,-0.0575,0.0025,True
2026-10-05 20:26:42,unl-bih-pol-2026-10-05,1X2,win:Bosnia and Herzegovina|draw|win:Poland,1,0.0025,0.34|0.7|0.93,-0.0228,62.6,-0.0178,-0.013,False
2026-10-05 20:26:55,unl-ukr-hun-2026-10-05,1X2,win:Ukraine|draw|win:Hungary,1,0.009,0.12|0.72|0.13,0.0298,19.0,-0.0372,-0.0834,True
2026-10-05 20:26:55,unl-ukr-hun-2026-10-05,half<=match tot,tot:2nd:2.5|tot:F:2.5,1,0.207,0.3|0.47,-0.4343,5.0,-0.4343,-0.4343,False
2026-10-05 20:26:59,unl-nir-geo-2026-10-05,1X2,win:Northern Ireland|draw|win:Georgia,1,0.0023,0.37|0.65|0.95,0.0023,10.0,-0.0028,-0.012,True
2026-10-05 20:27:00,unl-bih-pol-2026-10-05,1X2,win:Bosnia and Herzegovina|draw|win:Poland,1,0.0025,0.34|0.7|0.93,-0.0172,34.0,-0.0172,-0.0121,False
2026-10-05 20:27:08,unl-bih-pol-2026-10-05,1X2,win:Bosnia and Herzegovina|draw|win:Poland,1,0.0389,0.25|0.7|0.95,0.0389,61.0,0.0088,0.0035,True
2026-10-05 20:27:27,unl-ita-tur-2026-10-05,1X2,win:Italy|draw|win:Türkiye,1,0.0017,0.09|0.9|0.998,-0.0035,20.0,-0.0139,-0.0087,False
2026-10-05 20:27:27,unl-bih-pol-2026-10-05,1X2,win:Bosnia and Herzegovina|draw|win:Poland,1,0.014,0.27|0.73|0.95,-0.0113,34.0,-0.0113,-0.0113,False
2026-10-05 20:27:42,unl-bih-pol-2026-10-05,1X2,win:Bosnia and Herzegovina|draw|win:Poland,1,0.0088,0.28|0.73|0.95,0.0088,25.0,-0.0116,-0.0116,True
2026-10-05 20:27:48,unl-mon-arm-2026-10-05,1X2,win:Montenegro|draw|win:Armenia,1,0.0005,0.11|0.75|0.12,-0.0307,32.0,-0.0288,-0.0482,False
2026-10-05 20:27:49,unl-bih-pol-2026-10-05,1X2,win:Bosnia and Herzegovina|draw|win:Poland,1,0.0084,0.3|0.71|0.95,0.0084,0.33,-0.0018,-0.0067,True
2026-10-05 20:28:11,unl-nir-geo-2026-10-05,1X2,win:Northern Ireland|draw|win:Georgia,1,0.0011,0.11|0.76|0.11,0.0011,6.0,-0.0086,-0.0184,True
2026-10-05 20:28:50,unl-ita-tur-2026-10-05,1X2,win:Italy|draw|win:Türkiye,1,0.009,0.03|0.95|0.998,-0.01,20.0,-0.01,-0.0048,False
2026-10-05 20:28:57,unl-ita-tur-2026-10-05,1X2,win:Italy|draw|win:Türkiye,1,0.0005,0.01|0.99|0.998,0.0005,116.97,0.0005,,True
2026-10-05 20:30:17,unl-rom-swe-2026-10-05,1X2,win:Romania|draw|win:Sweden,1,0.0045,0.007|0.08|0.9,0.0045,8.91,-0.0051,-0.0051,True
2026-10-05 20:32:03,unl-ukr-hun-2026-10-05,1X2,win:Ukraine|draw|win:Hungary,1,0.0094,0.01|0.1|0.87,0.0101,20.0,0.0101,-0.019,True
2026-10-05 20:33:14,unl-rom-swe-2026-10-05,1X2,win:Romania|draw|win:Sweden,1,0.0029,0.001|0.06|0.93,-0.0076,412.0,-0.0171,-0.0139,False
2026-10-05 20:33:26,unl-bih-pol-2026-10-05,1X2,win:Bosnia and Herzegovina|draw|win:Poland,1,0.0006,0.85|0.13|0.007,0.0006,34.0,-0.0194,-0.0194,True
2026-10-05 20:34:20,unl-ukr-hun-2026-10-05,1X2,win:Ukraine|draw|win:Hungary,1,0.0056,0.001|0.03|0.96,0.0056,40.0,-0.004,-0.004,True
2026-10-05 20:36:22,unl-nir-geo-2026-10-05,1X2,win:Northern Ireland|draw|win:Georgia,1,0.0002,0.93|0.1|0.96,0.0002,6.0,0.0002,0.0002,True
2026-10-05 20:36:28,unl-nir-geo-2026-10-05,1X2,win:Northern Ireland|draw|win:Georgia,1,0.0002,0.93|0.1|0.96,-0.005,69.0,-0.005,-0.005,False
2026-10-05 20:36:36,unl-nir-geo-2026-10-05,1X2,win:Northern Ireland|draw|win:Georgia,1,0.0002,0.93|0.1|0.96,0.0002,69.0,-0.0046,-0.0193,True
2026-10-05 20:37:18,unl-mon-arm-2026-10-05,team tot<=match tot,ttot:Montenegro:F:0.5|tot:F:0.5,1,0.0001,0.009|0.99,-0.022,10.3,,,False
2026-10-05 20:37:23,unl-mon-arm-2026-10-05,1X2,win:Montenegro|draw|win:Armenia,1,0.0005,0.998|0.01|0.99,0.0009,49.0,-0.0,-0.0043,True
2026-10-05 20:38:49,unl-nir-geo-2026-10-05,1X2,win:Northern Ireland|draw|win:Georgia,1,0.0076,0.01|0.97|0.01,0.0076,69.45,-0.002,-0.0334,True
2026-10-05 20:38:55,unl-nir-geo-2026-10-05,1X2,win:Northern Ireland|draw|win:Georgia,1,0.0162,0.01|0.95|0.02,0.0162,576.41,-0.0125,-0.0334,True
2026-10-05 20:39:07,unl-nir-geo-2026-10-05,1X2,win:Northern Ireland|draw|win:Georgia,1,0.0039,0.01|0.93|0.05,0.0049,69.0,-0.0428,-0.0209,True
2026-10-05 20:53:48,argpn-chi-mai-2026-10-03,half<=match tot,tot:2nd:4.5|tot:F:4.5,1,0.0022,0.007|0.99,0.0022,55.99,0.0022,0.0022,True
2026-10-05 21:02:53,argpn-chi-mai-2026-10-03,half<=match tot,tot:2nd:4.5|tot:F:4.5,1,0.0032,0.006|0.99,0.0032,55.99,0.0032,0.0032,True
2026-10-05 21:05:01,argpn-chi-mai-2026-10-03,half<=match tot,tot:2nd:4.5|tot:F:4.5,1,0.0001,0.009|0.99,0.0001,55.99,0.0001,0.0001,True
2026-10-05 21:07:20,argpn-chi-mai-2026-10-03,half<=match tot,tot:2nd:4.5|tot:F:4.5,1,0.0001,0.009|0.99,0.0001,55.99,0.0001,0.0001,True
2026-10-05 21:14:01,argpn-chi-mai-2026-10-03,half<=match tot,tot:2nd:4.5|tot:F:4.5,1,0.0032,0.006|0.99,0.0032,55.99,0.0032,0.0032,True
2026-10-05 21:15:39,conl-cub-skn-2026-10-05,1X2,win:Cuba|draw|win:St. Kitts and Nevis,1,0.0048,0.45|0.82|0.69,0.0147,12.0,-0.0798,-0.0799,True
2026-10-05 21:34:34,arg-rie-cac-2026-10-05,1X2,win:CD Riestra|draw|win:CA Central Córdoba,1,0.0033,0.99|0.01|0.992,0.0033,24.39,,,True
2026-10-05 21:45:15,argpn-chi-mai-2026-10-03,1X2,win:Nueva Chicago|draw|win:CD Maipu,1,0.0413,0.93|0.39|0.57,0.0421,8.19,-0.1059,-0.0954,True
2026-10-05 21:58:41,argpn-chi-mai-2026-10-03,1X2,win:Nueva Chicago|draw|win:CD Maipu,1,0.0248,0.01|0.03|0.93,0.0248,10.02,-0.002,-0.0152,True
2026-10-05 21:58:43,argpn-chi-mai-2026-10-03,team tot<=match tot,ttot:CD Maipu:F:1.5|tot:F:1.5,1,0.5026,0.15|0.33,-0.1445,15.0,-0.1135,-0.1135,False
2026-10-05 21:58:43,argpn-chi-mai-2026-10-03,half<=match tot,tot:2nd:1.5|tot:F:1.5,1,0.5127,0.15|0.32,,,,,False
2026-10-05 21:59:26,arg-est-gye-2026-10-05,team half<=team tot,ttot:CA Gimnasia y Esgrima de Mendoza:2nd:3.5|ttot:CA Gimnasia y Esgrima de Mendoza:F:3.5,1,0.0001,0.009|0.99,0.0001,4.89,0.0001,0.0001,True
2026-10-05 22:01:11,argpn-chi-mai-2026-10-03,1X2,win:Nueva Chicago|draw|win:CD Maipu,1,0.0025,0.998|0.92|0.07,0.0025,20.0,0.0025,-0.0175,True
2026-10-05 22:05:14,arg-vel-pla-2026-10-05,1X2,win:CA Vélez Sarsfield|draw|win:CA Platense,1,0.0069,0.68|0.19|0.1,-0.0225,20.68,-0.0616,-0.0616,False
2026-10-05 22:13:25,arg-est-gye-2026-10-05,1X2,win:Estudiantes de La Plata|draw|win:CA Gimnasia y Esgrima de Mendoza,1,0.0014,0.55|0.27|0.15,0.0014,24.44,-0.0714,-0.0074,True
2026-10-05 22:30:58,conl-cub-skn-2026-10-05,1X2,win:Cuba|draw|win:St. Kitts and Nevis,1,0.1917,0.04|0.11|0.64,0.1603,34.0,0.0264,-0.074,True
2026-10-05 22:37:23,conl-mart-slv-2026-10-05,btts 1H<=1H O1.5,btts:1st|tot:1st:1.5,1,0.1163,0.34|0.52,,,-0.0715,-0.1528,False
2026-10-05 22:41:18,arg-vel-pla-2026-10-05,1X2,win:CA Vélez Sarsfield|draw|win:CA Platense,1,0.0525,0.64|0.66|0.56,0.0525,20.0,-0.0559,-0.0657,True
2026-10-05 22:41:20,conl-cub-skn-2026-10-05,1X2,win:Cuba|draw|win:St. Kitts and Nevis,1,0.001,0.04|0.19|0.75,-0.0379,123.0,-0.0379,-0.0379,False
2026-10-05 22:43:13,arg-vel-pla-2026-10-05,1X2,win:CA Vélez Sarsfield|draw|win:CA Platense,1,0.003,0.66|0.65|0.65,0.003,10.0,-0.0019,-0.0996,True
2026-10-05 22:44:39,arg-vel-pla-2026-10-05,1X2,win:CA Vélez Sarsfield|draw|win:CA Platense,1,0.029,0.8|0.64|0.47,0.029,10.0,-0.0153,-0.0202,True
2026-10-05 22:46:31,arg-vel-pla-2026-10-05,half<=match tot,tot:1st:2.5|tot:F:2.5,1,0.0066,0.96|0.03,-0.0029,681.58,-0.9047,-0.7218,False
2026-10-05 22:46:32,arg-vel-pla-2026-10-05,1X2,win:CA Vélez Sarsfield|draw|win:CA Platense,1,0.0279,0.67|0.68|0.56,-0.046,25.0,-0.046,-0.0066,False
2026-10-05 22:47:09,conl-cub-skn-2026-10-05,1X2,win:Cuba|draw|win:St. Kitts and Nevis,1,0.2259,0.024|0.16|0.57,-0.1897,49.0,-0.02,-0.1576,False
2026-10-05 22:48:35,conl-cub-skn-2026-10-05,1X2,win:Cuba|draw|win:St. Kitts and Nevis,1,0.0068,0.08|0.84|0.06,0.0068,59.0,0.0068,-0.0245,True
2026-10-05 22:49:15,conl-cub-skn-2026-10-05,1X2,win:Cuba|draw|win:St. Kitts and Nevis,1,0.0017,0.078|0.88|0.03,0.0017,10.0,0.0017,0.0017,True
2026-10-05 22:49:23,conl-cub-skn-2026-10-05,1X2,win:Cuba|draw|win:St. Kitts and Nevis,1,0.0004,0.07|0.89|0.03,0.0004,10.0,-0.0101,-0.0101,True
2026-10-05 23:05:53,arg-est-gye-2026-10-05,1X2,win:Estudiantes de La Plata|draw|win:CA Gimnasia y Esgrima de Mendoza,1,0.0097,0.49|0.6|0.86,0.0097,5.0,-0.0647,-0.0499,True
2026-10-05 23:12:17,arg-est-gye-2026-10-05,half<=match tot,tot:2nd:0.5|tot:F:0.5,1,0.069,0.65|0.26,0.069,5.0,-0.1897,-0.0085,True
2026-10-05 23:12:17,arg-est-gye-2026-10-05,nobody scores = U0.5,fts:none|tot:F:0.5,1,0.0792,0.25|0.65,,,,,False
2026-10-05 23:12:17,arg-est-gye-2026-10-05,btts half<=btts,btts:2nd|btts:F,1,0.0143,0.18|0.79,-0.2647,30.0,-0.2647,-0.2647,False
2026-10-05 23:12:17,arg-est-gye-2026-10-05,half<=match tot,tot:2nd:1.5|tot:F:1.5,1,0.0979,0.28|0.6,-0.2042,5.0,-0.1943,-0.1943,False
2026-10-05 23:12:43,nba-mem-atl-2026-10-05,ladder tot,tot:F:234.5|tot:F:232.5,0,0.0059,0.58|0.39,0.0059,0.03,0.0059,0.0059,True
2026-10-05 23:16:03,conl-mart-slv-2026-10-05,1X2,win:Martinique|draw|win:El Salvador,1,0.0052,0.79|0.76|0.41,0.0052,11.0,-0.1049,-0.0902,True
2026-10-05 23:18:31,arg-vel-pla-2026-10-05,1X2,win:CA Vélez Sarsfield|draw|win:CA Platense,1,0.0043,0.49|0.66|0.81,0.1003,9.11,-0.0209,-0.0255,True
2026-10-05 23:18:40,arg-vel-pla-2026-10-05,1X2,win:CA Vélez Sarsfield|draw|win:CA Platense,1,0.0058,0.65|0.24|0.08,-0.0149,5.0,-0.0165,-0.0351,False
2026-10-05 23:20:26,arg-est-gye-2026-10-05,1X2,win:Estudiantes de La Plata|draw|win:CA Gimnasia y Esgrima de Mendoza,1,0.0051,0.55|0.52|0.89,-0.0438,20.0,-0.0586,-0.0296,False
2026-10-05 23:22:50,conl-mart-slv-2026-10-05,1X2,win:Martinique|draw|win:El Salvador,1,0.0039,0.56|0.59|0.81,0.0039,69.0,-0.0553,-0.0158,True
2026-10-05 23:25:32,conl-mart-slv-2026-10-05,1X2,win:Martinique|draw|win:El Salvador,1,0.0039,0.57|0.58|0.81,-0.0109,10.0,-0.0307,-0.0208,False
2026-10-05 23:26:30,arg-est-gye-2026-10-05,1X2,win:Estudiantes de La Plata|draw|win:CA Gimnasia y Esgrima de Mendoza,1,0.071,0.33|0.44|0.13,0.071,23.0,-0.0599,-0.0592,True
2026-10-05 23:34:22,conl-mart-slv-2026-10-05,1X2,win:Martinique|draw|win:El Salvador,1,0.0018,0.27|0.56|0.14,0.0018,8.07,0.0018,-0.0176,True
2026-10-05 23:35:06,arg-est-gye-2026-10-05,1X2,win:Estudiantes de La Plata|draw|win:CA Gimnasia y Esgrima de Mendoza,1,0.0231,0.32|0.55|0.08,0.053,20.0,-0.1475,-0.096,True
2026-10-05 23:35:23,arg-est-gye-2026-10-05,1X2,win:Estudiantes de La Plata|draw|win:CA Gimnasia y Esgrima de Mendoza,1,0.0026,0.53|0.37|0.07,0.0026,13.51,0.0331,-0.0067,True
2026-10-05 23:35:31,arg-est-gye-2026-10-05,1X2,win:Estudiantes de La Plata|draw|win:CA Gimnasia y Esgrima de Mendoza,1,0.003,0.55|0.35|0.07,0.003,24.0,0.003,-0.0071,True
2026-10-05 23:36:01,conl-mart-slv-2026-10-05,1X2,win:Martinique|draw|win:El Salvador,1,0.0018,0.22|0.57|0.18,0.0018,12.0,0.0124,-0.0184,True
2026-10-05 23:36:11,conl-mart-slv-2026-10-05,1X2,win:Martinique|draw|win:El Salvador,1,0.0021,0.2|0.58|0.19,-0.0697,12.71,-0.08,-0.0593,False
2026-10-05 23:38:28,arg-est-gye-2026-10-05,1X2,win:Estudiantes de La Plata|draw|win:CA Gimnasia y Esgrima de Mendoza,1,0.0003,0.24|0.77|0.97,-0.0227,18.0,,,False
2026-10-05 23:38:32,nba-mem-atl-2026-10-05,ladder tot,tot:F:232.5|tot:F:231.5,0,0.0096,0.7|0.27,-0.0782,7.0,-0.1248,-0.1072,False
2026-10-05 23:38:46,conl-mart-slv-2026-10-05,1X2,win:Martinique|draw|win:El Salvador,1,0.0044,0.21|0.63|0.13,0.0044,10.0,0.0044,-0.0569,True
2026-10-05 23:38:52,conl-mart-slv-2026-10-05,1X2,win:Martinique|draw|win:El Salvador,1,0.005,0.22|0.64|0.11,0.005,10.0,-0.0468,-0.0363,True
2026-10-05 23:39:19,conl-mart-slv-2026-10-05,1X2,win:Martinique|draw|win:El Salvador,1,0.0043,0.2|0.63|0.14,0.0043,19.0,0.0146,-0.0366,True
2026-10-05 23:39:40,arg-est-gye-2026-10-05,1X2,win:Estudiantes de La Plata|draw|win:CA Gimnasia y Esgrima de Mendoza,1,0.0013,0.9|0.08|0.01,0.0013,10.0,-0.0299,-0.0299,True
2026-10-05 23:44:00,conl-mart-slv-2026-10-05,1X2,win:Martinique|draw|win:El Salvador,1,0.0063,0.18|0.67|0.12,0.0063,34.0,0.0166,-0.0525,True
2026-10-05 23:44:57,conl-mart-slv-2026-10-05,1X2,win:Martinique|draw|win:El Salvador,1,0.0084,0.13|0.71|0.13,0.0084,34.0,0.009,-0.0014,True
2026-10-05 23:45:21,conl-mart-slv-2026-10-05,1X2,win:Martinique|draw|win:El Salvador,1,0.009,0.13|0.72|0.12,0.009,34.0,0.009,-0.0532,True
2026-10-05 23:45:38,arg-est-gye-2026-10-05,1X2,win:Estudiantes de La Plata|draw|win:CA Gimnasia y Esgrima de Mendoza,1,0.0003,0.1|0.9|0.99,0.0003,10.0,0.0007,-0.0067,True
2026-10-05 23:49:37,arg-est-gye-2026-10-05,half<=match tot,tot:2nd:2.5|tot:F:2.5,1,0.5748,0.1|0.31,0.5748,0.09,-0.2338,,True
2026-10-05 23:52:53,conl-mart-slv-2026-10-05,1X2,win:Martinique|draw|win:El Salvador,1,0.0012,0.06|0.9|0.03,0.0012,5.0,0.0012,-0.0197,True
2026-10-05 23:52:59,conl-mart-slv-2026-10-05,1X2,win:Martinique|draw|win:El Salvador,1,0.0012,0.06|0.9|0.03,0.0012,5.0,-0.0092,0.0012,True
2026-10-05 23:53:16,conl-mart-slv-2026-10-05,1X2,win:Martinique|draw|win:El Salvador,1,0.001,0.93|0.08|0.98,0.001,10.0,-0.0085,-0.0128,True
2026-10-05 23:53:17,conl-mart-slv-2026-10-05,team tot<=match tot,ttot:Martinique:F:2.5|tot:F:2.5,1,0.0127,0.07|0.91,0.0127,26.88,0.0127,0.0127,True
2026-10-05 23:53:53,conl-mart-slv-2026-10-05,team tot<=match tot,ttot:Martinique:F:2.5|tot:F:2.5,1,0.0022,0.08|0.91,0.0022,10.87,0.0022,0.0022,True
2026-10-05 23:54:16,conl-mart-slv-2026-10-05,team tot<=match tot,ttot:Martinique:F:2.5|tot:F:2.5,1,0.0022,0.08|0.91,0.0022,42.0,0.0022,0.0022,True
2026-10-05 23:54:36,conl-mart-slv-2026-10-05,team tot<=match tot,ttot:Martinique:F:2.5|tot:F:2.5,1,0.0231,0.06|0.91,0.0231,531.91,0.0231,0.0231,True
2026-10-05 23:54:46,conl-mart-slv-2026-10-05,1X2,win:Martinique|draw|win:El Salvador,1,0.0014,0.99|0.01|0.996,0.0014,30.0,0.0014,0.0014,True
2026-10-05 23:55:33,arg-vel-pla-2026-10-05,1X2,win:CA Vélez Sarsfield|draw|win:CA Platense,1,0.0004,0.06|0.89|0.04,-0.0205,10.0,-0.0197,-0.0621,False
2026-10-05 23:58:52,arg-vel-pla-2026-10-05,1X2,win:CA Vélez Sarsfield|draw|win:CA Platense,1,0.0047,0.02|0.94|0.03,0.0058,10.0,-0.0247,-0.0153,True
2026-10-05 23:59:08,arg-vel-pla-2026-10-05,1X2,win:CA Vélez Sarsfield|draw|win:CA Platense,1,0.0036,0.02|0.95|0.022,0.0067,63.0,-0.0048,-0.0427,True
2026-10-06 00:03:57,fif-ind-ury-2026-10-06,nobody scores = U0.5,fts:none|tot:F:0.5,1,0.0022,0.98|0.016,0.0022,5.0,0.0022,0.0022,True
2026-10-06 00:03:57,fif-ind-ury-2026-10-06,0-0 = nobody first,fts:none|cs:0-0,1,0.0043,0.014|0.98,0.0043,5.0,0.0043,0.0043,True
2026-10-06 00:08:37,uru1-nac-tor-2026-10-05,1X2,win:Club Nacional de Football|draw|win:Montevideo City Torque,1,0.0,0.25|0.76|0.97,0.0052,8.9,-0.0413,-0.0413,True
2026-10-06 00:10:23,conl-grn-bon-2026-10-05,1X2,win:Grenada|draw|win:Bonaire,1,0.0043,0.63|0.19|0.15,-0.0847,5.0,-0.1097,-0.1103,False
2026-10-06 00:19:39,nfl-atl-no-2026-10-06,ladder tot,tot:F:50.5|tot:F:48.5,1,0.0251,0.49|0.46,-0.1145,10.0,-0.0149,-0.0046,False
2026-10-06 00:22:40,col1-inm-isf-2026-10-03,1X2,win:Independiente Medellín|draw|win:Independiente Santa Fe,1,0.0037,0.52|0.7|0.74,-0.0158,24.0,-0.0507,-0.0507,False
2026-10-06 00:24:05,fif-ind-ury-2026-10-06,nobody scores = U0.5,fts:none|tot:F:0.5,1,0.0022,0.98|0.016,0.0022,5.0,0.0022,0.0022,True
2026-10-06 00:24:05,fif-ind-ury-2026-10-06,0-0 = nobody first,fts:none|cs:0-0,1,0.0054,0.013|0.98,0.0054,5.0,0.0054,0.0054,True
2026-10-06 00:44:11,fif-ind-ury-2026-10-06,nobody scores = U0.5,fts:none|tot:F:0.5,1,0.0022,0.98|0.016,0.0022,5.0,0.0022,0.0022,True
2026-10-06 00:44:11,fif-ind-ury-2026-10-06,0-0 = nobody first,fts:none|cs:0-0,1,0.0054,0.013|0.98,0.0054,5.0,0.0054,0.0054,True
2026-10-06 00:45:50,conl-ber-brb-2026-10-05,HT lead=>1H O0.5,ht:Barbados|tot:1st:0.5,1,0.0066,0.03|0.96,0.0066,10.0,0.0066,-0.0247,True
2026-10-06 00:49:20,nba-nyk-phi-2026-10-05,ladder tot,tot:F:228.5|tot:F:227.5,0,0.0071,0.34|0.63,0.0071,989.81,0.0071,-0.003,True
2026-10-06 00:49:25,nba-nyk-phi-2026-10-05,ladder tot,tot:F:228.5|tot:F:227.5,0,0.0173,0.33|0.63,-0.003,312.0,0.0173,0.0275,False
2026-10-06 00:50:19,nfl-atl-no-2026-10-06,ladder tot,tot:F:43.5|tot:F:42.5,1,0.0013,0.74|0.24,0.0013,5.0,-0.2619,-0.2813,True
2026-10-06 00:54:23,nba-phx-det-2026-10-05,ladder tot,tot:F:223.5|tot:F:220.5,0,0.0056,0.41|0.56,0.0056,5.0,0.0157,0.0157,True
2026-10-06 00:54:29,nba-phx-det-2026-10-05,ladder tot,tot:F:223.5|tot:F:220.5,0,0.0056,0.41|0.56,-0.0045,5.0,-0.0648,-0.2137,False
2026-10-06 00:56:26,arg-ban-ros-2026-10-05,1X2,win:CA Banfield|draw|win:CA Rosario Central,1,0.028,0.55|0.66|0.7,-0.0454,20.0,-0.0445,-0.0145,False
2026-10-06 00:56:26,arg-ban-ros-2026-10-05,HT lead=>1H O0.5,ht:CA Banfield|tot:1st:0.5,1,0.1199,0.22|0.64,,,,,False
2026-10-06 00:56:26,arg-ban-ros-2026-10-05,nobody scores = U0.5,fts:none|tot:F:0.5,1,0.0453,0.15|0.79,,,,,False
2026-10-06 01:00:46,arg-ban-ros-2026-10-05,1X2,win:CA Banfield|draw|win:CA Rosario Central,1,0.0307,0.5|0.28|0.16,0.2023,10.0,-0.0287,-0.0382,True
2026-10-06 01:02:35,nfl-atl-no-2026-10-06,ladder tot,tot:F:54.5|tot:F:52.5,1,0.0306,0.24|0.71,0.0306,58.03,-0.102,-0.312,True
2026-10-06 01:03:21,nba-nyk-phi-2026-10-05,ladder tot,tot:F:227.5|tot:F:226.5,0,0.0102,0.1|0.88,0.0102,10.0,0.0102,0.0102,True
2026-10-06 01:03:47,nba-nyk-phi-2026-10-05,ladder tot,tot:F:227.5|tot:F:226.5,0,0.0014,0.09|0.9,0.0118,10.0,0.0118,0.0231,True
2026-10-06 01:03:58,nba-nyk-phi-2026-10-05,ladder tot,tot:F:227.5|tot:F:226.5,0,0.0231,0.06|0.91,-0.3059,10.0,-0.3463,-0.2653,False
2026-10-06 01:04:08,nfl-atl-no-2026-10-06,ladder tot,tot:F:47.5|tot:F:46.5,1,0.0051,0.51|0.46,0.0051,58.0,0.0051,-0.0745,True
2026-10-06 01:04:21,fif-ind-ury-2026-10-06,0-0 = nobody first,fts:none|cs:0-0,1,0.0033,0.015|0.98,0.0033,5.0,0.0033,0.0033,True
2026-10-06 01:04:21,fif-ind-ury-2026-10-06,nobody scores = U0.5,fts:none|tot:F:0.5,1,0.0022,0.98|0.016,0.0022,5.0,0.0022,0.0022,True
2026-10-06 01:04:53,nba-nyk-phi-2026-10-05,ladder tot,tot:F:227.5|tot:F:226.5,0,0.0127,0.07|0.91,0.0127,1000.0,0.0127,-0.3659,True
2026-10-06 01:05:29,nba-nyk-phi-2026-10-05,ladder tot,tot:F:227.5|tot:F:226.5,0,0.0006,0.1|0.89,0.0006,10.0,-0.0082,0.0031,True
2026-10-06 01:09:50,nba-nyk-phi-2026-10-05,ladder tot,tot:F:227.5|tot:F:226.5,0,0.0057,0.04|0.95,-0.0134,10.0,0.0057,0.0057,False
2026-10-06 01:10:29,nba-nyk-phi-2026-10-05,ladder tot,tot:F:227.5|tot:F:226.5,0,0.0066,0.03|0.96,0.0066,10.0,0.0066,-0.0029,True
2026-10-06 01:11:42,fif-ind-ury-2026-10-06,0-0 = nobody first,fts:none|cs:0-0,1,0.0001,0.018|0.98,0.0001,5.0,0.0001,0.0001,True
2026-10-06 01:14:48,nba-min-mil-2026-10-05,ladder tot,tot:F:232.5|tot:F:231.5,0,0.0208,0.24|0.72,-0.1536,1.19,-0.1946,-0.1759,False
2026-10-06 01:16:40,conl-grn-bon-2026-10-05,1X2,win:Grenada|draw|win:Bonaire,1,0.023,0.57|0.63|0.72,-0.0604,10.0,-0.0751,-0.0849,False
2026-10-06 01:22:19,nfl-atl-no-2026-10-06,ladder tot,tot:F:36.5|tot:F:34.5,1,0.0002,0.97|0.027,0.0002,10.0,-0.0029,-0.0008,True
2026-10-06 01:22:25,nfl-atl-no-2026-10-06,ladder tot,tot:F:36.5|tot:F:34.5,1,0.0002,0.97|0.027,0.0002,10.0,0.0002,0.0013,True
2026-10-06 01:22:59,nfl-atl-no-2026-10-06,ladder tot,tot:F:36.5|tot:F:34.5,1,0.0002,0.97|0.027,-0.0029,10.0,-0.0029,-0.0008,False
2026-10-06 01:23:11,nfl-atl-no-2026-10-06,ladder tot,tot:F:36.5|tot:F:34.5,1,0.0002,0.97|0.027,0.0002,10.0,0.0002,-0.0008,True
2026-10-06 01:23:17,nfl-atl-no-2026-10-06,ladder tot,tot:F:36.5|tot:F:34.5,1,0.0002,0.97|0.027,0.0002,10.0,0.0002,-0.0008,True
2026-10-06 01:23:23,nfl-atl-no-2026-10-06,ladder tot,tot:F:36.5|tot:F:34.5,1,0.0002,0.97|0.027,0.0002,10.0,0.0002,-0.0008,True
2026-10-06 01:23:33,nfl-atl-no-2026-10-06,ladder tot,tot:F:36.5|tot:F:34.5,1,0.0002,0.97|0.027,0.0002,10.0,0.0002,-0.0008,True
2026-10-06 01:23:41,nfl-atl-no-2026-10-06,ladder tot,tot:F:36.5|tot:F:34.5,1,0.0002,0.97|0.027,0.0002,10.0,0.0002,-0.0008,True
2026-10-06 01:23:49,nfl-atl-no-2026-10-06,ladder tot,tot:F:36.5|tot:F:34.5,1,0.0002,0.97|0.027,0.0002,10.0,0.0002,-0.0008,True
2026-10-06 01:23:57,nfl-atl-no-2026-10-06,ladder tot,tot:F:36.5|tot:F:34.5,1,0.0002,0.97|0.027,0.0002,10.0,0.0002,-0.0019,True
2026-10-06 01:24:04,nfl-atl-no-2026-10-06,ladder tot,tot:F:36.5|tot:F:34.5,1,0.0002,0.97|0.027,0.0002,10.0,0.0002,-0.0008,True
2026-10-06 01:24:09,conl-grn-bon-2026-10-05,1X2,win:Grenada|draw|win:Bonaire,1,0.003,0.12|0.26|0.59,0.0134,17.4,-0.1268,-0.0851,True
2026-10-06 01:24:14,nfl-atl-no-2026-10-06,ladder tot,tot:F:36.5|tot:F:34.5,1,0.0002,0.97|0.027,0.0002,10.0,0.0002,-0.0008,True
2026-10-06 01:24:21,nfl-atl-no-2026-10-06,ladder tot,tot:F:36.5|tot:F:34.5,1,0.0013,0.97|0.026,0.0013,10.0,-0.0029,-0.0008,True
2026-10-06 01:24:27,fif-ind-ury-2026-10-06,nobody scores = U0.5,fts:none|tot:F:0.5,1,0.0022,0.98|0.016,0.0022,5.0,0.0022,0.0022,True
2026-10-06 01:24:27,fif-ind-ury-2026-10-06,0-0 = nobody first,fts:none|cs:0-0,1,0.0001,0.018|0.98,0.0001,5.0,0.0001,0.0001,True
2026-10-06 01:24:30,nfl-atl-no-2026-10-06,ladder tot,tot:F:36.5|tot:F:34.5,1,0.0002,0.97|0.027,-0.0019,10.0,-0.0029,-0.0008,False
2026-10-06 01:24:41,nfl-atl-no-2026-10-06,ladder tot,tot:F:36.5|tot:F:34.5,1,0.0002,0.97|0.027,0.0002,10.0,0.0002,-0.0029,True
2026-10-06 01:24:46,nfl-atl-no-2026-10-06,ladder tot,tot:F:36.5|tot:F:34.5,1,0.0002,0.97|0.027,-0.0029,10.0,-0.0029,-0.0019,False
2026-10-06 01:24:59,nfl-atl-no-2026-10-06,ladder tot,tot:F:36.5|tot:F:34.5,1,0.0002,0.97|0.027,0.0002,10.0,-0.0029,-0.0008,True
2026-10-06 01:25:06,nba-nyk-phi-2026-10-05,ladder tot,tot:F:228.5|tot:F:227.5,0,0.0085,0.001|0.99,0.0085,5.0,0.0085,0.0085,True
2026-10-06 01:25:08,nfl-atl-no-2026-10-06,ladder tot,tot:F:36.5|tot:F:34.5,1,0.0002,0.97|0.027,-0.0029,10.0,-0.0029,-0.0008,False
2026-10-06 01:25:22,nfl-atl-no-2026-10-06,ladder tot,tot:F:36.5|tot:F:34.5,1,0.0002,0.97|0.027,-0.0144,15.0,-0.0029,-0.0008,False
2026-10-06 01:25:28,nfl-atl-no-2026-10-06,ladder tot,tot:F:36.5|tot:F:34.5,1,0.0002,0.97|0.027,0.0002,15.0,-0.0008,-0.0029,True
2026-10-06 01:29:41,conl-grn-bon-2026-10-05,0-0 = nobody first,cs:0-0|fts:none,1,0.0009,0.001|0.998,0.0009,189.69,-0.0001,-0.0001,True
2026-10-06 01:30:15,conl-ber-brb-2026-10-05,half<=match tot,tot:2nd:1.5|tot:F:1.5,1,0.1026,0.17|0.71,0.1026,502.41,-0.1631,,True
2026-10-06 01:30:15,conl-ber-brb-2026-10-05,1X2,win:Bermuda|draw|win:Barbados,1,0.0204,0.14|0.48|0.33,-0.0409,19.0,-0.0309,-0.0309,False
2026-10-06 01:30:15,conl-ber-brb-2026-10-05,btts<=O1.5,btts:F|tot:F:1.5,1,0.0149,0.17|0.8,-0.1939,12.0,-0.1839,-0.1839,False
2026-10-06 01:30:15,conl-ber-brb-2026-10-05,half<=match tot,tot:2nd:2.5|tot:F:2.5,1,0.0492,0.035|0.91,,,,,False
2026-10-06 01:35:20,conl-ber-brb-2026-10-05,1X2,win:Bermuda|draw|win:Barbados,1,0.0009,0.15|0.53|0.29,0.0009,0.17,0.0009,-0.0091,True
2026-10-06 01:36:27,nba-phx-det-2026-10-05,ladder tot,tot:F:219.5|tot:F:218.5,0,0.0006,0.1|0.89,0.0006,10.0,0.0006,-0.0473,True
2026-10-06 01:37:13,conl-ber-brb-2026-10-05,1X2,win:Bermuda|draw|win:Barbados,1,0.0174,0.99|0.52|0.43,-0.1395,20.0,-0.038,-0.0415,False
2026-10-06 01:42:35,conl-ber-brb-2026-10-05,1X2,win:Bermuda|draw|win:Barbados,1,0.0012,0.995|0.85|0.14,0.0012,54.0,0.0012,-0.0085,True
2026-10-06 01:44:34,fif-ind-ury-2026-10-06,0-0 = nobody first,fts:none|cs:0-0,1,0.0001,0.018|0.98,0.0001,5.0,0.0001,0.0001,True
2026-10-06 01:44:34,fif-ind-ury-2026-10-06,nobody scores = U0.5,fts:none|tot:F:0.5,1,0.0022,0.98|0.016,0.0022,5.0,0.0022,0.0022,True
2026-10-06 01:45:53,col1-inm-isf-2026-10-03,half<=match tot,tot:2nd:0.5|tot:F:0.5,1,0.2279,0.26|0.49,0.2881,20.6,-0.1933,-0.222,True
2026-10-06 01:45:53,col1-inm-isf-2026-10-03,team tot<=match tot,ttot:Independiente Santa Fe:F:0.5|tot:F:0.5,1,0.1283,0.26|0.59,-0.2629,5.0,-0.2629,-0.2629,False
2026-10-06 01:45:53,col1-inm-isf-2026-10-03,1X2,win:Independiente Medellín|draw|win:Independiente Santa Fe,1,0.1832,0.95|0.24|0.42,-0.033,20.0,-0.033,-0.033,False
2026-10-06 01:45:53,col1-inm-isf-2026-10-03,nobody scores = U0.5,fts:none|tot:F:0.5,1,0.2279,0.49|0.26,-0.4549,5.0,-0.4549,-0.4549,False
2026-10-06 01:46:10,col1-inm-isf-2026-10-03,1X2,win:Independiente Medellín|draw|win:Independiente Santa Fe,1,0.0028,0.98|0.84|0.16,0.0028,5.95,-0.0117,-0.0117,True
2026-10-06 01:48:02,nba-phx-det-2026-10-05,ladder tot,tot:F:219.5|tot:F:218.5,0,0.0467,0.01|0.94,0.0085,9.7,0.0085,-0.001,True
2026-10-06 01:48:31,conl-gua-sur-2026-10-05,1X2,win:Guatemala|draw|win:Suriname,1,0.0188,0.7|0.28|0.96,0.0188,69.0,-0.0325,-0.0325,True
2026-10-06 01:49:54,col1-inm-isf-2026-10-03,1X2,win:Independiente Medellín|draw|win:Independiente Santa Fe,1,0.0016,0.009|0.09|0.89,0.0016,0.61,0.0208,0.0208,True
2026-10-06 01:50:07,col1-inm-isf-2026-10-03,1X2,win:Independiente Medellín|draw|win:Independiente Santa Fe,1,0.0016,0.009|0.09|0.89,0.0016,0.61,0.0016,-0.0272,True
2026-10-06 01:50:13,col1-inm-isf-2026-10-03,1X2,win:Independiente Medellín|draw|win:Independiente Santa Fe,1,0.0016,0.009|0.09|0.89,0.0112,244.0,0.0008,-0.0088,True
2026-10-06 01:52:12,col1-inm-isf-2026-10-03,1X2,win:Independiente Medellín|draw|win:Independiente Santa Fe,1,0.0029,0.001|0.06|0.93,0.0029,10.0,-0.0171,0.002,True
2026-10-06 01:52:42,col1-inm-isf-2026-10-03,1X2,win:Independiente Medellín|draw|win:Independiente Santa Fe,1,0.002,0.001|0.07|0.92,0.002,9.05,0.002,0.002,True
2026-10-06 01:53:07,col1-inm-isf-2026-10-03,1X2,win:Independiente Medellín|draw|win:Independiente Santa Fe,1,0.002,0.001|0.07|0.92,-0.0171,20.0,-0.0162,-0.0162,False
2026-10-06 01:53:33,conl-gua-sur-2026-10-05,team tot<=match tot,ttot:Guatemala:F:0.5|tot:F:0.5,1,0.1155,0.43|0.43,0.1155,20.0,-0.3659,-0.3941,True
2026-10-06 01:53:34,conl-gua-sur-2026-10-05,nobody scores = U0.5,fts:none|tot:F:0.5,1,0.1357,0.41|0.43,,,,,False
2026-10-06 01:53:34,conl-gua-sur-2026-10-05,half<=match tot,tot:2nd:0.5|tot:F:0.5,1,0.1357,0.43|0.41,,,,,False
2026-10-06 01:53:34,conl-gua-sur-2026-10-05,1X2,win:Guatemala|draw|win:Suriname,1,0.3471,0.26|0.32|0.05,-0.0492,54.0,-0.0283,-0.0283,False
2026-10-06 01:54:25,col1-inm-isf-2026-10-03,1X2,win:Independiente Medellín|draw|win:Independiente Santa Fe,1,0.0012,0.001|0.08|0.91,0.0116,5.55,-0.0144,-0.0249,True
2026-10-06 01:54:53,conl-gua-sur-2026-10-05,1X2,win:Guatemala|draw|win:Suriname,1,0.0057,0.95|0.03|0.01,0.0057,0.86,-0.0134,-0.0124,True
2026-10-06 01:55:34,col1-inm-isf-2026-10-03,btts<=O1.5,btts:F|tot:F:1.5,1,0.0035,0.003|0.993,0.0046,10.0,,,True
2026-10-06 01:57:32,conl-gua-sur-2026-10-05,1X2,win:Guatemala|draw|win:Suriname,1,0.0078,0.95|0.03|0.008,0.0078,5.0,-0.0133,-0.0408,True
2026-10-06 01:57:34,arg-ban-ros-2026-10-05,btts<=team O0.5,btts:F|ttot:CA Rosario Central:F:0.5,1,0.0957,0.38|0.5,,,,,False
2026-10-06 01:57:34,arg-ban-ros-2026-10-05,1X2,win:CA Banfield|draw|win:CA Rosario Central,1,0.0044,0.3|0.56|0.108,-0.0434,10.0,-0.0537,-0.0331,False
2026-10-06 02:00:25,conl-gua-sur-2026-10-05,ladder tot,tot:F:2.5|tot:F:1.5,1,0.0066,0.001|0.992,0.0066,0.73,0.0066,0.0066,True
2026-10-06 02:04:44,fif-ind-ury-2026-10-06,nobody scores = U0.5,fts:none|tot:F:0.5,1,0.0022,0.98|0.016,0.0022,5.0,0.0022,0.0022,True
2026-10-06 02:04:44,fif-ind-ury-2026-10-06,0-0 = nobody first,fts:none|cs:0-0,1,0.0022,0.016|0.98,0.0022,5.0,0.0022,0.0022,True
2026-10-06 02:09:44,arg-ban-ros-2026-10-05,1X2,win:CA Banfield|draw|win:CA Rosario Central,1,0.0021,0.04|0.91|0.04,-0.0147,13.22,-0.0171,-0.0171,False
2026-10-06 02:12:04,nba-lal-sac-2026-10-05,ladder tot,tot:F:230.5|tot:F:229.5,0,0.0054,0.42|0.55,0.0054,44.0,0.0357,0.0357,True
2026-10-06 02:24:49,fif-ind-ury-2026-10-06,0-0 = nobody first,fts:none|cs:0-0,1,0.0033,0.015|0.98,0.0033,5.0,0.0033,0.0033,True
2026-10-06 02:24:49,fif-ind-ury-2026-10-06,nobody scores = U0.5,fts:none|tot:F:0.5,1,0.0022,0.98|0.016,0.0022,5.0,0.0022,0.0022,True
2026-10-06 02:26:49,conl-hnd-jam-2026-10-05,halftime 1X2,ht:Honduras|ht:D|ht:Jamaica,1,0.071,0.16|0.47|0.27,0.071,13.0,-0.2847,-0.2743,True
2026-10-06 02:26:50,conl-hnd-jam-2026-10-05,1X2,win:Honduras|draw|win:Jamaica,1,0.0177,0.31|0.28|0.36,-0.1016,13.92,-0.1016,-0.1016,False
2026-10-06 02:44:54,fif-ind-ury-2026-10-06,nobody scores = U0.5,fts:none|tot:F:0.5,1,0.0022,0.98|0.016,0.0022,5.0,0.0022,0.0022,True
2026-10-06 02:44:54,fif-ind-ury-2026-10-06,0-0 = nobody first,fts:none|cs:0-0,1,0.0033,0.015|0.98,0.0033,5.0,0.0033,0.0033,True
2026-10-06 02:49:38,nfl-atl-no-2026-10-06,ladder tot,tot:F:46.5|tot:F:45.5,1,0.0085,0.98|0.01,0.0085,157.0,-0.001,-0.001,True
2026-10-06 02:56:55,nfl-atl-no-2026-10-06,ladder tot,tot:F:60.5|tot:F:58.5,1,0.0051,0.46|0.51,0.0051,5.0,-0.0849,-0.0649,True
2026-10-06 03:00:44,nfl-atl-no-2026-10-06,ladder tot,tot:F:64.5|tot:F:62.5,1,0.0063,0.37|0.6,0.0063,5.0,0.0063,-0.024,True
2026-10-06 03:05:03,fif-ind-ury-2026-10-06,0-0 = nobody first,fts:none|cs:0-0,1,0.0033,0.015|0.98,0.0033,5.0,0.0033,0.0033,True
2026-10-06 03:05:03,fif-ind-ury-2026-10-06,nobody scores = U0.5,fts:none|tot:F:0.5,1,0.0022,0.98|0.016,0.0022,5.0,0.0022,0.0022,True
2026-10-06 03:07:03,conl-hnd-jam-2026-10-05,1X2,win:Honduras|draw|win:Jamaica,1,0.1016,0.15|0.26|0.46,-0.1748,5.0,-0.1044,-0.0739,False
2026-10-06 03:07:45,nba-lal-sac-2026-10-05,ladder tot,tot:F:228.5|tot:F:227.5,0,0.0051,0.46|0.51,0.0051,0.01,0.0051,-0.035,True
2026-10-06 03:25:15,fif-ind-ury-2026-10-06,0-0 = nobody first,fts:none|cs:0-0,1,0.0033,0.015|0.98,0.0033,5.0,0.0033,0.0033,True
2026-10-06 03:25:15,fif-ind-ury-2026-10-06,nobody scores = U0.5,fts:none|tot:F:0.5,1,0.0022,0.98|0.016,0.0022,5.0,0.0022,0.0022,True
2026-10-06 03:45:21,fif-ind-ury-2026-10-06,0-0 = nobody first,fts:none|cs:0-0,1,0.0033,0.015|0.98,0.0033,5.0,0.0033,0.0033,True
2026-10-06 03:45:21,fif-ind-ury-2026-10-06,nobody scores = U0.5,fts:none|tot:F:0.5,1,0.0022,0.98|0.016,0.0022,5.0,0.0022,0.0022,True
2026-10-06 03:56:22,nba-lal-sac-2026-10-05,ladder tot,tot:F:230.5|tot:F:229.5,0,0.005,0.49|0.48,-0.1934,15.0,-0.005,-0.0648,False
2026-10-06 04:05:25,fif-ind-ury-2026-10-06,nobody scores = U0.5,fts:none|tot:F:0.5,1,0.0033,0.98|0.015,0.0033,5.0,0.0033,0.0033,True
2026-10-06 04:05:25,fif-ind-ury-2026-10-06,0-0 = nobody first,fts:none|cs:0-0,1,0.0033,0.015|0.98,0.0033,5.0,0.0033,0.0033,True
2026-10-06 04:25:34,fif-ind-ury-2026-10-06,nobody scores = U0.5,fts:none|tot:F:0.5,1,0.0033,0.98|0.015,0.0033,5.0,0.0033,0.0033,True
2026-10-06 04:25:34,fif-ind-ury-2026-10-06,0-0 = nobody first,fts:none|cs:0-0,1,0.0033,0.015|0.98,0.0033,5.0,0.0033,0.0033,True
2026-10-06 04:45:43,fif-ind-ury-2026-10-06,0-0 = nobody first,fts:none|cs:0-0,1,0.0033,0.015|0.98,0.0033,5.0,0.0033,0.0033,True
2026-10-06 04:45:43,fif-ind-ury-2026-10-06,nobody scores = U0.5,fts:none|tot:F:0.5,1,0.0033,0.98|0.015,0.0033,5.0,0.0033,0.0033,True
2026-10-06 04:45:44,unl-che-mac-2026-10-06,team half<=team tot,ttot:North Macedonia:2nd:2.5|ttot:North Macedonia:F:2.5,1,0.0064,0.012|0.98,0.0064,5.0,0.0064,0.0064,True
2026-10-06 05:05:52,fif-ind-ury-2026-10-06,nobody scores = U0.5,fts:none|tot:F:0.5,1,0.0033,0.98|0.015,0.0033,5.0,0.0033,0.0033,True
2026-10-06 05:05:52,fif-ind-ury-2026-10-06,0-0 = nobody first,fts:none|cs:0-0,1,0.0033,0.015|0.98,0.0033,5.0,0.0033,0.0033,True
2026-10-06 05:05:52,unl-che-mac-2026-10-06,team half<=team tot,ttot:North Macedonia:2nd:2.5|ttot:North Macedonia:F:2.5,1,0.0064,0.012|0.98,0.0064,5.0,0.0064,0.0064,True
2026-10-06 05:25:59,fif-ind-ury-2026-10-06,nobody scores = U0.5,fts:none|tot:F:0.5,1,0.0033,0.98|0.015,0.0033,5.0,0.0033,0.0033,True
2026-10-06 05:25:59,fif-ind-ury-2026-10-06,0-0 = nobody first,fts:none|cs:0-0,1,0.0033,0.015|0.98,0.0033,5.0,0.0033,0.0033,True
2026-10-06 05:25:59,unl-che-mac-2026-10-06,team half<=team tot,ttot:North Macedonia:2nd:2.5|ttot:North Macedonia:F:2.5,1,0.0064,0.012|0.98,0.0064,5.0,0.0064,0.0064,True
2026-10-06 05:46:05,fif-ind-ury-2026-10-06,nobody scores = U0.5,fts:none|tot:F:0.5,1,0.0022,0.98|0.016,0.0022,5.0,0.0022,0.0022,True
2026-10-06 05:46:05,fif-ind-ury-2026-10-06,0-0 = nobody first,fts:none|cs:0-0,1,0.0033,0.015|0.98,0.0033,5.0,0.0033,0.0033,True
2026-10-06 05:48:27,unl-che-mac-2026-10-06,team half<=team tot,ttot:North Macedonia:2nd:2.5|ttot:North Macedonia:F:2.5,1,0.0064,0.012|0.98,0.0064,5.0,0.0064,0.0064,True
2026-10-06 06:06:12,unl-che-mac-2026-10-06,team half<=team tot,ttot:North Macedonia:2nd:2.5|ttot:North Macedonia:F:2.5,1,0.0064,0.012|0.98,0.0064,5.0,0.0064,0.0064,True
2026-10-06 06:06:12,fif-ind-ury-2026-10-06,nobody scores = U0.5,fts:none|tot:F:0.5,1,0.0022,0.98|0.016,0.0022,5.0,0.0022,0.0022,True
2026-10-06 06:06:12,fif-ind-ury-2026-10-06,0-0 = nobody first,fts:none|cs:0-0,1,0.0033,0.015|0.98,0.0033,5.0,0.0033,0.0033,True
2026-10-06 06:26:17,unl-che-mac-2026-10-06,team half<=team tot,ttot:North Macedonia:2nd:2.5|ttot:North Macedonia:F:2.5,1,0.0064,0.012|0.98,0.0064,5.0,0.0064,0.0064,True
2026-10-06 06:26:17,fif-ind-ury-2026-10-06,nobody scores = U0.5,fts:none|tot:F:0.5,1,0.0022,0.98|0.016,0.0022,5.0,0.0022,0.0022,True
2026-10-06 06:26:17,fif-ind-ury-2026-10-06,0-0 = nobody first,fts:none|cs:0-0,1,0.0033,0.015|0.98,0.0033,5.0,0.0033,0.0033,True
2026-10-06 06:46:26,fif-ind-ury-2026-10-06,nobody scores = U0.5,fts:none|tot:F:0.5,1,0.0022,0.98|0.016,0.0022,5.0,0.0022,0.0022,True
2026-10-06 06:46:26,fif-ind-ury-2026-10-06,0-0 = nobody first,fts:none|cs:0-0,1,0.0033,0.015|0.98,0.0033,5.0,0.0033,0.0033,True
2026-10-06 06:46:26,unl-che-mac-2026-10-06,team half<=team tot,ttot:North Macedonia:2nd:2.5|ttot:North Macedonia:F:2.5,1,0.0064,0.012|0.98,0.0064,5.0,0.0064,0.0064,True
2026-10-06 07:06:35,fif-ind-ury-2026-10-06,0-0 = nobody first,fts:none|cs:0-0,1,0.0033,0.015|0.98,0.0033,5.0,0.0033,0.0033,True
2026-10-06 07:06:35,fif-ind-ury-2026-10-06,nobody scores = U0.5,fts:none|tot:F:0.5,1,0.0022,0.98|0.016,0.0022,5.0,0.0022,0.0022,True
2026-10-06 07:26:41,fif-ind-ury-2026-10-06,nobody scores = U0.5,fts:none|tot:F:0.5,1,0.0022,0.98|0.016,0.0022,5.0,0.0022,0.0022,True
2026-10-06 07:26:41,fif-ind-ury-2026-10-06,0-0 = nobody first,fts:none|cs:0-0,1,0.0033,0.015|0.98,0.0033,5.0,0.0033,0.0033,True
2026-10-06 07:46:45,fif-ind-ury-2026-10-06,nobody scores = U0.5,fts:none|tot:F:0.5,1,0.0022,0.98|0.016,0.0022,5.0,0.0022,0.0022,True
2026-10-06 07:46:45,fif-ind-ury-2026-10-06,0-0 = nobody first,fts:none|cs:0-0,1,0.0033,0.015|0.98,0.0033,5.0,0.0033,0.0033,True
2026-10-06 08:06:51,fif-ind-ury-2026-10-06,nobody scores = U0.5,fts:none|tot:F:0.5,1,0.0022,0.98|0.016,0.0022,5.0,0.0022,0.0022,True
2026-10-06 08:06:51,fif-ind-ury-2026-10-06,0-0 = nobody first,fts:none|cs:0-0,1,0.0033,0.015|0.98,0.0033,5.0,0.0033,0.0033,True
2026-10-06 08:11:45,unl-che-mac-2026-10-06,team half<=team tot,ttot:North Macedonia:2nd:2.5|ttot:North Macedonia:F:2.5,1,0.0064,0.012|0.98,0.0064,5.0,0.0064,0.0064,True
2026-10-06 08:26:55,unl-che-mac-2026-10-06,team half<=team tot,ttot:North Macedonia:2nd:2.5|ttot:North Macedonia:F:2.5,1,0.0064,0.012|0.98,0.0064,5.0,0.0064,0.0064,True
2026-10-06 08:26:55,fif-ind-ury-2026-10-06,nobody scores = U0.5,fts:none|tot:F:0.5,1,0.0022,0.98|0.016,0.0022,5.0,0.0022,0.0022,True
2026-10-06 08:26:55,fif-ind-ury-2026-10-06,0-0 = nobody first,fts:none|cs:0-0,1,0.0022,0.016|0.98,0.0022,5.0,0.0022,0.0022,True
2026-10-06 08:37:19,conl-maf-bah-2026-10-06,team half<=team tot,ttot:Bahamas:2nd:2.5|ttot:Bahamas:F:2.5,1,0.0085,0.01|0.98,0.0085,5.0,0.0085,0.0085,True
2026-10-06 08:37:19,conl-maf-bah-2026-10-06,team half<=team tot,ttot:Bahamas:1st:2.5|ttot:Bahamas:F:2.5,1,0.0085,0.01|0.98,0.0085,5.0,0.0085,0.0085,True
2026-10-06 08:46:59,unl-che-mac-2026-10-06,team half<=team tot,ttot:North Macedonia:2nd:2.5|ttot:North Macedonia:F:2.5,1,0.0064,0.012|0.98,0.0064,5.0,0.0064,0.0064,True
2026-10-06 08:46:59,conl-maf-bah-2026-10-06,team half<=team tot,ttot:Bahamas:2nd:2.5|ttot:Bahamas:F:2.5,1,0.0085,0.01|0.98,0.0085,5.0,0.0085,0.0085,True
2026-10-06 08:46:59,conl-maf-bah-2026-10-06,team half<=team tot,ttot:Bahamas:1st:2.5|ttot:Bahamas:F:2.5,1,0.0085,0.01|0.98,0.0085,5.0,0.0085,0.0085,True
2026-10-06 08:46:59,fif-ind-ury-2026-10-06,0-0 = nobody first,fts:none|cs:0-0,1,0.0012,0.017|0.98,0.0012,5.0,0.0012,0.0012,True
2026-10-06 09:07:04,fif-ind-ury-2026-10-06,nobody scores = U0.5,fts:none|tot:F:0.5,1,0.0022,0.98|0.016,0.0022,5.0,0.0022,0.0022,True
2026-10-06 09:07:04,fif-ind-ury-2026-10-06,0-0 = nobody first,fts:none|cs:0-0,1,0.0012,0.017|0.98,0.0012,5.0,0.0012,0.0012,True
2026-10-06 09:07:04,conl-maf-bah-2026-10-06,team half<=team tot,ttot:Bahamas:1st:2.5|ttot:Bahamas:F:2.5,1,0.0085,0.01|0.98,0.0085,5.0,0.0085,0.0085,True
2026-10-06 09:07:04,conl-maf-bah-2026-10-06,team half<=team tot,ttot:Bahamas:2nd:2.5|ttot:Bahamas:F:2.5,1,0.0085,0.01|0.98,0.0085,5.0,0.0085,0.0085,True
2026-10-06 09:27:09,conl-maf-bah-2026-10-06,team half<=team tot,ttot:Bahamas:2nd:2.5|ttot:Bahamas:F:2.5,1,0.0085,0.01|0.98,0.0085,5.0,0.0085,0.0085,True
2026-10-06 09:27:09,conl-maf-bah-2026-10-06,team half<=team tot,ttot:Bahamas:1st:2.5|ttot:Bahamas:F:2.5,1,0.0085,0.01|0.98,0.0085,5.0,0.0085,0.0085,True
2026-10-06 09:27:09,unl-che-mac-2026-10-06,team half<=team tot,ttot:North Macedonia:2nd:2.5|ttot:North Macedonia:F:2.5,1,0.0064,0.012|0.98,0.0064,5.0,0.0064,0.0064,True
2026-10-06 09:27:09,fif-ind-ury-2026-10-06,nobody scores = U0.5,fts:none|tot:F:0.5,1,0.0022,0.98|0.016,0.0022,5.0,0.0022,0.0022,True
2026-10-06 09:47:14,unl-che-mac-2026-10-06,team half<=team tot,ttot:North Macedonia:2nd:2.5|ttot:North Macedonia:F:2.5,1,0.0064,0.012|0.98,0.0064,5.0,0.0064,0.0064,True
2026-10-06 09:47:14,fif-ind-ury-2026-10-06,nobody scores = U0.5,fts:none|tot:F:0.5,1,0.0022,0.98|0.016,0.0022,5.0,0.0022,0.0022,True
2026-10-06 09:47:14,fif-ind-ury-2026-10-06,0-0 = nobody first,fts:none|cs:0-0,1,0.0012,0.017|0.98,0.0012,5.0,0.0012,0.0012,True
2026-10-06 10:07:23,fif-ind-ury-2026-10-06,nobody scores = U0.5,fts:none|tot:F:0.5,1,0.0022,0.98|0.016,0.0022,5.0,0.0022,0.0022,True
2026-10-06 10:07:23,fif-ind-ury-2026-10-06,0-0 = nobody first,fts:none|cs:0-0,1,0.0012,0.017|0.98,0.0012,5.0,0.0012,0.0012,True
2026-10-06 10:07:23,unl-che-mac-2026-10-06,team half<=team tot,ttot:North Macedonia:2nd:2.5|ttot:North Macedonia:F:2.5,1,0.0064,0.012|0.98,0.0064,5.0,0.0064,0.0064,True
