horizon_before_last_trade,category,markets,brier_raw_all,platt_slope_b_all,brier_test_raw,brier_test_platt,rule_trades_test,rule_usd_per_usd1_test,rule_t_stat
24h,ALL,3506,0.1488,0.985,0.1543,0.1547,804,-0.037,-0.7
24h,SPORTS/football,431,0.1719,0.960,0.1728,0.1728,0,,
24h,OTHER,1818,0.1323,1.013,0.1331,0.1329,421,-0.003,-0.0
24h,uncategorized,409,0.1506,0.942,0.1523,0.1565,111,-0.030,-0.1
6h,ALL,6443,0.1678,0.985,0.1685,0.1685,0,,
6h,SPORTS/football,1873,0.1894,0.878,0.1840,0.1852,681,-0.044,-0.5
6h,OTHER,1036,0.0471,1.310,0.0393,0.0321,295,+0.033,+0.9
6h,uncategorized,985,0.1874,0.833,0.1864,0.1856,264,-0.063,-0.5
6h,SPORTS/baseball,390,0.2445,0.602,0.2511,0.2484,41,+0.111,+0.5
6h,SPORTS/esport-cs2,300,0.2100,1.189,0.2178,0.2218,94,-0.071,-0.9
6h,SPORTS/tennis,224,0.2095,0.984,0.2085,0.2127,75,-0.019,-0.2
6h,SPORTS/esport-lol,258,0.2206,0.825,0.2072,0.2079,87,+0.023,+0.1
1h,ALL,7364,0.1512,1.136,0.1482,0.1479,1976,+0.008,+0.8
1h,SCALP,1321,0.2141,1.230,0.2143,0.2143,291,-0.020,-0.4
1h,SPORTS/football,2271,0.1259,1.117,0.1241,0.1237,0,,
1h,uncategorized,1253,0.1480,1.102,0.1480,0.1504,340,-0.094,-2.2
1h,SPORTS/baseball,741,0.1856,0.903,0.1999,0.2006,209,-0.015,-0.1
1h,SPORTS/tennis,262,0.1406,1.344,0.1583,0.1667,100,+0.005,+0.1
10m,ALL,8701,0.1872,1.155,0.1749,0.1748,1457,-0.001,-0.1
10m,SCALP,7057,0.2113,1.126,0.2117,0.2120,758,-0.020,-1.0
10m,SPORTS/football,589,0.0834,1.171,0.0831,0.0825,357,+0.041,+1.2
10m,uncategorized,455,0.0783,1.214,0.0942,0.0905,201,+0.059,+1.8
10m,SPORTS/baseball,263,0.0998,1.237,0.1223,0.1251,49,-0.114,-0.9
