horizon_before_last_trade,price_bin,markets,mean_price,share_resolved_yes
24h,0.00-0.05,743,0.020,0.016
24h,0.05-0.10,342,0.073,0.076
24h,0.10-0.15,220,0.125,0.155
24h,0.15-0.20,235,0.176,0.221
24h,0.20-0.25,208,0.224,0.255
24h,0.25-0.30,229,0.274,0.271
24h,0.30-0.35,187,0.322,0.364
24h,0.35-0.40,194,0.373,0.418
24h,0.40-0.45,197,0.423,0.386
24h,0.45-0.50,189,0.472,0.513
24h,0.50-0.55,208,0.522,0.543
24h,0.55-0.60,110,0.571,0.518
24h,0.60-0.65,98,0.619,0.684
24h,0.65-0.70,71,0.672,0.690
24h,0.70-0.75,39,0.723,0.795
24h,0.75-0.80,39,0.771,0.821
24h,0.80-0.85,38,0.823,0.763
24h,0.90-0.95,48,0.923,0.854
24h,0.95-1.00,82,0.978,0.976
6h,0.00-0.05,875,0.020,0.010
6h,0.05-0.10,403,0.073,0.067
6h,0.10-0.15,285,0.123,0.091
6h,0.15-0.20,268,0.174,0.231
6h,0.20-0.25,256,0.226,0.227
6h,0.25-0.30,362,0.273,0.298
6h,0.30-0.35,310,0.323,0.316
6h,0.35-0.40,391,0.374,0.422
6h,0.40-0.45,444,0.423,0.401
6h,0.45-0.50,517,0.473,0.449
6h,0.50-0.55,484,0.520,0.508
6h,0.55-0.60,372,0.573,0.570
6h,0.60-0.65,292,0.622,0.627
6h,0.65-0.70,229,0.673,0.659
6h,0.70-0.75,204,0.724,0.765
6h,0.75-0.80,144,0.775,0.743
6h,0.80-0.85,149,0.822,0.805
6h,0.85-0.90,121,0.874,0.835
6h,0.90-0.95,107,0.923,0.860
6h,0.95-1.00,230,0.978,0.974
1h,0.00-0.05,800,0.024,0.016
1h,0.05-0.10,534,0.074,0.052
1h,0.10-0.15,381,0.123,0.087
1h,0.15-0.20,361,0.175,0.144
1h,0.20-0.25,316,0.226,0.203
1h,0.25-0.30,296,0.273,0.264
1h,0.30-0.35,328,0.323,0.305
1h,0.35-0.40,324,0.375,0.373
1h,0.40-0.45,356,0.425,0.382
1h,0.45-0.50,511,0.477,0.456
1h,0.50-0.55,873,0.515,0.482
1h,0.55-0.60,303,0.574,0.607
1h,0.60-0.65,264,0.624,0.670
1h,0.65-0.70,219,0.675,0.671
1h,0.70-0.75,215,0.723,0.763
1h,0.75-0.80,212,0.774,0.778
1h,0.80-0.85,214,0.825,0.836
1h,0.85-0.90,195,0.874,0.928
1h,0.90-0.95,231,0.925,0.961
1h,0.95-1.00,431,0.979,0.981
10m,0.00-0.05,522,0.020,0.008
10m,0.05-0.10,261,0.073,0.019
10m,0.10-0.15,228,0.125,0.105
10m,0.15-0.20,259,0.176,0.147
10m,0.20-0.25,280,0.225,0.171
10m,0.25-0.30,239,0.275,0.192
10m,0.30-0.35,309,0.324,0.340
10m,0.35-0.40,286,0.375,0.343
10m,0.40-0.45,275,0.424,0.411
10m,0.45-0.50,1076,0.486,0.479
10m,0.50-0.55,2707,0.509,0.504
10m,0.55-0.60,297,0.576,0.569
10m,0.60-0.65,285,0.625,0.639
10m,0.65-0.70,252,0.673,0.663
10m,0.70-0.75,262,0.725,0.771
10m,0.75-0.80,244,0.775,0.799
10m,0.80-0.85,196,0.823,0.832
10m,0.85-0.90,165,0.874,0.885
10m,0.90-0.95,161,0.925,0.944
10m,0.95-1.00,397,0.983,0.982
