day,variant_file,requote_latency_s,quote_size_shares,position_cap_shares,matches,goal_fires,mode,pnl_usd,maker_rebate_usd,total_usd,fills,shares,markout_30s_cents,markout_600s_cents,shares_20s_before_goal_fire,markout30_usd_before_fire
20260917,20260917,0.3,50.0,200,62,55,kill,-1672.95,125.23,-1547.71,2676,92802,-1.103,-0.835,4705,-310.89
20260917,20260917,0.3,50.0,200,62,55,nokill,-1748.25,139.74,-1608.51,2992,103699,-0.929,-0.733,5326,-292.26
20260918,20260918,0.3,50.0,200,89,87,kill,-3929.54,199.17,-3730.37,4460,145101,-1.589,-1.446,5109,-487.0
20260918,20260918,0.3,50.0,200,89,87,nokill,-4090.13,222.5,-3867.63,4944,161317,-1.582,-1.223,5854,-493.06
20260919,20260919,0.3,50.0,200,392,149,kill,-4339.79,397.86,-3941.93,8531,296569,-1.25,-1.262,13176,-1004.67
20260919,20260919,0.3,50.0,200,392,149,nokill,-4745.82,434.82,-4311.0,9298,323505,-1.291,-1.401,14724,-1079.28
20260920,20260920,0.3,50.0,200,311,166,kill,-4787.35,514.48,-4272.86,10764,371999,-1.141,-0.817,14933,-1172.13
20260920,20260920,0.3,50.0,200,311,166,nokill,-4303.18,572.98,-3730.2,11993,414427,-1.095,-0.87,17175,-1276.3
20260921,20260921,0.3,50.0,200,37,37,kill,-590.37,77.45,-512.93,1786,58074,-1.836,-2.442,3952,-337.86
20260921,20260921,0.3,50.0,200,37,37,nokill,-352.47,88.24,-264.23,2028,66857,-0.958,-2.058,4140,-262.46
20260922,20260922,0.3,50.0,200,46,34,kill,-413.62,61.56,-352.06,1517,46268,-1.408,-0.48,2119,-175.11
20260922,20260922,0.3,50.0,200,46,34,nokill,-460.31,69.81,-390.51,1728,51870,-1.313,-0.618,2569,-178.62
20260923,20260923,0.3,50.0,200,26,25,kill,-1060.36,38.99,-1021.36,1045,31803,-2.466,-1.045,1502,-314.88
20260923,20260923,0.3,50.0,200,26,25,nokill,-854.99,44.76,-810.23,1202,36087,-2.244,-1.029,1563,-316.05
20260924,20260924,0.3,50.0,200,22,61,kill,-108.8,136.23,27.43,2881,99111,-1.485,-1.119,5596,-555.77
20260924,20260924,0.3,50.0,200,22,61,nokill,-524.86,156.81,-368.04,3389,114924,-1.458,-1.556,6182,-523.75
20260925,20260925,0.3,50.0,200,32,61,kill,-691.45,147.42,-544.04,3286,109527,-0.789,-0.702,3075,-191.07
20260925,20260925,0.3,50.0,200,32,61,nokill,-588.27,161.44,-426.82,3643,119840,-0.661,-0.876,3763,-230.35
20260926,20260926,0.3,50.0,200,149,149,kill,-2480.08,257.07,-2223.01,5913,189719,-1.097,-0.501,9330,-639.58
20260926,20260926,0.3,50.0,200,149,149,nokill,-2921.34,295.64,-2625.7,6833,217507,-1.097,-0.911,10223,-664.07
20260927,20260927,0.3,50.0,200,122,137,kill,-2034.22,277.1,-1757.12,6113,204438,-0.814,-0.617,9284,-522.34
20260927,20260927,0.3,50.0,200,122,137,nokill,-2255.86,306.67,-1949.19,6818,225880,-0.894,-0.68,9516,-519.42
20260928,20260928,0.3,50.0,200,44,77,kill,-1733.66,180.24,-1553.42,3741,127211,-0.99,-0.709,7406,-546.54
20260928,20260928,0.3,50.0,200,44,77,nokill,-1936.47,208.05,-1728.42,4361,146732,-1.173,-0.807,7867,-582.33
20260929,20260929,0.3,50.0,200,57,68,kill,-1779.3,153.95,-1625.35,3549,117976,-0.801,-0.807,6904,-342.71
20260929,20260929,0.3,50.0,200,57,68,nokill,-2209.35,179.47,-2029.88,4071,135336,-0.779,-0.773,7923,-372.86
20261005,20261005,0.05,50.0,200,43,94,kill,-2045.0,157.5,-1887.5,3541,114193,-1.131,-1.069,5767,-646.91
20261005,20261005,0.05,50.0,200,43,94,nokill,-1782.12,187.88,-1594.24,4249,136395,-1.029,-0.917,6644,-619.53
20261005,20261005_improve,0.3,50.0,200,43,94,kill,-2186.22,237.58,-1948.65,4476,174440,-1.259,-1.133,8824,-687.63
20261005,20261005_improve,0.3,50.0,200,43,94,nokill,-2381.04,286.17,-2094.86,5341,208527,-1.256,-1.127,9811,-729.36
20261005,20261005_lat03,0.3,50.0,200,43,94,kill,-2388.31,160.09,-2228.22,3576,116117,-1.326,-1.25,6592,-656.74
20261005,20261005_lat03,0.3,50.0,200,43,94,nokill,-2344.22,192.89,-2151.33,4295,139602,-1.306,-1.169,7310,-676.16
20261005,20261005_sticky,0.3,50.0,200,43,94,kill,-2042.13,135.6,-1906.52,2988,97989,-1.487,-1.294,6283,-618.18
20261005,20261005_sticky,0.3,50.0,200,43,94,nokill,-1924.69,163.51,-1761.18,3614,118294,-1.396,-1.259,6960,-627.3
